{
	"databases/mushroom.txt": {
		"0.25": {"time": 5.294586896896362, "memory": 26.3203125}, 
		"0.2": {"time": 9.537158966064453, "memory": 38.1796875},
		"0.15": {"time": 14.888624906539917, "memory": 51.609375},
		"0.1": {"time": 29.516055822372437, "memory": 133.9609375},
		"0.05": {"time": 75.40277981758118, "memory": 740.9921875}
	}
}

